"epoch","biomedpubmed_bs32_augmix_4xgpu_flood_temporal - _step","biomedpubmed_bs32_augmix_4xgpu_flood_temporal - _step__MIN","biomedpubmed_bs32_augmix_4xgpu_flood_temporal - _step__MAX","biomedpubmed_bs32_augmix_4xgpu_flood_temporal - loss_epoch","biomedpubmed_bs32_augmix_4xgpu_flood_temporal - loss_epoch__MIN","biomedpubmed_bs32_augmix_4xgpu_flood_temporal - loss_epoch__MAX"
"1","107","107","107","2.919799327850342","2.919799327850342","2.919799327850342"
"2","215","215","215","2.447986602783203","2.447986602783203","2.447986602783203"
"3","323","323","323","2.2607944011688232","2.2607944011688232","2.2607944011688232"
"4","431","431","431","2.159494400024414","2.159494400024414","2.159494400024414"
"5","539","539","539","2.071206569671631","2.071206569671631","2.071206569671631"
"6","647","647","647","2.0048158168792725","2.0048158168792725","2.0048158168792725"
"7","755","755","755","1.950858473777771","1.950858473777771","1.950858473777771"
"8","864","864","864","1.8963086605072021","1.8963086605072021","1.8963086605072021"
"9","972","972","972","1.8479002714157104","1.8479002714157104","1.8479002714157104"
"10","1080","1080","1080","1.7921346426010132","1.7921346426010132","1.7921346426010132"
"11","1188","1188","1188","1.7479517459869385","1.7479517459869385","1.7479517459869385"
"12","1296","1296","1296","1.7093980312347412","1.7093980312347412","1.7093980312347412"
"13","1404","1404","1404","1.662384271621704","1.662384271621704","1.662384271621704"
"14","1512","1512","1512","1.6200920343399048","1.6200920343399048","1.6200920343399048"
"15","1621","1621","1621","1.5898025035858154","1.5898025035858154","1.5898025035858154"
"16","1729","1729","1729","1.5577425956726074","1.5577425956726074","1.5577425956726074"
"17","1837","1837","1837","1.5134546756744385","1.5134546756744385","1.5134546756744385"
"18","1945","1945","1945","1.4871737957000732","1.4871737957000732","1.4871737957000732"
"19","2053","2053","2053","1.4629253149032593","1.4629253149032593","1.4629253149032593"
"20","2161","2161","2161","1.4452338218688965","1.4452338218688965","1.4452338218688965"
"21","2269","2269","2269","1.4160656929016113","1.4160656929016113","1.4160656929016113"
"22","2378","2378","2378","1.3885860443115234","1.3885860443115234","1.3885860443115234"
"23","2486","2486","2486","1.3807421922683716","1.3807421922683716","1.3807421922683716"
"24","2594","2594","2594","1.3419835567474365","1.3419835567474365","1.3419835567474365"
"25","2702","2702","2702","1.318390965461731","1.318390965461731","1.318390965461731"
"26","2810","2810","2810","1.2998356819152832","1.2998356819152832","1.2998356819152832"
"27","2918","2918","2918","1.2898160219192505","1.2898160219192505","1.2898160219192505"
"28","3026","3026","3026","1.2659372091293335","1.2659372091293335","1.2659372091293335"
"29","3135","3135","3135","1.240443468093872","1.240443468093872","1.240443468093872"
"30","3243","3243","3243","1.2299326658248901","1.2299326658248901","1.2299326658248901"
"31","3351","3351","3351","1.2072129249572754","1.2072129249572754","1.2072129249572754"
"32","3459","3459","3459","1.1798181533813477","1.1798181533813477","1.1798181533813477"
"33","3567","3567","3567","1.1785762310028076","1.1785762310028076","1.1785762310028076"
"34","3675","3675","3675","1.1614041328430176","1.1614041328430176","1.1614041328430176"
"35","3783","3783","3783","1.1433733701705933","1.1433733701705933","1.1433733701705933"
"36","3892","3892","3892","1.1275619268417358","1.1275619268417358","1.1275619268417358"
"37","4000","4000","4000","1.100263237953186","1.100263237953186","1.100263237953186"
"38","4108","4108","4108","1.1006020307540894","1.1006020307540894","1.1006020307540894"
"39","4216","4216","4216","1.0834827423095703","1.0834827423095703","1.0834827423095703"
"40","4324","4324","4324","1.070013165473938","1.070013165473938","1.070013165473938"
"41","4432","4432","4432","1.0472095012664795","1.0472095012664795","1.0472095012664795"
"42","4540","4540","4540","1.0346860885620117","1.0346860885620117","1.0346860885620117"
"43","4649","4649","4649","1.021321415901184","1.021321415901184","1.021321415901184"
"44","4757","4757","4757","1.0123413801193237","1.0123413801193237","1.0123413801193237"
"45","4865","4865","4865","1.0047190189361572","1.0047190189361572","1.0047190189361572"
"46","4973","4973","4973","0.9766520857810974","0.9766520857810974","0.9766520857810974"
"47","5081","5081","5081","0.9843708872795105","0.9843708872795105","0.9843708872795105"
"48","5189","5189","5189","0.963003933429718","0.963003933429718","0.963003933429718"
"49","5297","5297","5297","0.9517573118209839","0.9517573118209839","0.9517573118209839"
"50","5406","5406","5406","0.9442526698112488","0.9442526698112488","0.9442526698112488"
"51","5514","5514","5514","0.9250738024711609","0.9250738024711609","0.9250738024711609"
"52","5622","5622","5622","0.9120854735374451","0.9120854735374451","0.9120854735374451"
"53","5730","5730","5730","0.906991720199585","0.906991720199585","0.906991720199585"
"54","5838","5838","5838","0.8959910869598389","0.8959910869598389","0.8959910869598389"
"55","5946","5946","5946","0.8870124220848083","0.8870124220848083","0.8870124220848083"
"56","6054","6054","6054","0.8851812481880188","0.8851812481880188","0.8851812481880188"
"57","6162","6162","6162","0.8668193817138672","0.8668193817138672","0.8668193817138672"
"58","6271","6271","6271","0.858646035194397","0.858646035194397","0.858646035194397"
"59","6379","6379","6379","0.8499737977981567","0.8499737977981567","0.8499737977981567"
"60","6487","6487","6487","0.8382244110107422","0.8382244110107422","0.8382244110107422"
"61","6595","6595","6595","0.822524905204773","0.822524905204773","0.822524905204773"
"62","6703","6703","6703","0.8264573216438293","0.8264573216438293","0.8264573216438293"
"63","6811","6811","6811","0.811534583568573","0.811534583568573","0.811534583568573"
"64","6919","6919","6919","0.8027908205986023","0.8027908205986023","0.8027908205986023"
"65","7028","7028","7028","0.7881342768669128","0.7881342768669128","0.7881342768669128"
"66","7136","7136","7136","0.7920491695404053","0.7920491695404053","0.7920491695404053"
"67","7244","7244","7244","0.7780005931854248","0.7780005931854248","0.7780005931854248"
"68","7352","7352","7352","0.7687112092971802","0.7687112092971802","0.7687112092971802"
"69","7460","7460","7460","0.7608094811439514","0.7608094811439514","0.7608094811439514"
"70","7568","7568","7568","0.7521833777427673","0.7521833777427673","0.7521833777427673"
"71","7676","7676","7676","0.7447133660316467","0.7447133660316467","0.7447133660316467"
"72","7785","7785","7785","0.7514639496803284","0.7514639496803284","0.7514639496803284"
"73","7893","7893","7893","0.7403929829597473","0.7403929829597473","0.7403929829597473"
"74","8001","8001","8001","0.7293046116828918","0.7293046116828918","0.7293046116828918"
"75","8109","8109","8109","0.7236705422401428","0.7236705422401428","0.7236705422401428"
"76","8217","8217","8217","0.7110783457756042","0.7110783457756042","0.7110783457756042"
"77","8325","8325","8325","0.710288941860199","0.710288941860199","0.710288941860199"
"78","8433","8433","8433","0.6993631720542908","0.6993631720542908","0.6993631720542908"
"79","8542","8542","8542","0.6946502327919006","0.6946502327919006","0.6946502327919006"
"80","8650","8650","8650","0.686279296875","0.686279296875","0.686279296875"
"81","8758","8758","8758","0.6799166202545166","0.6799166202545166","0.6799166202545166"
"82","8866","8866","8866","0.6761464476585388","0.6761464476585388","0.6761464476585388"
"83","8974","8974","8974","0.6728898882865906","0.6728898882865906","0.6728898882865906"
"84","9082","9082","9082","0.6651867628097534","0.6651867628097534","0.6651867628097534"
"85","9190","9190","9190","0.655928909778595","0.655928909778595","0.655928909778595"
"86","9299","9299","9299","0.6565406322479248","0.6565406322479248","0.6565406322479248"
"87","9407","9407","9407","0.6412618160247803","0.6412618160247803","0.6412618160247803"
"88","9515","9515","9515","0.6380776166915894","0.6380776166915894","0.6380776166915894"
"89","9623","9623","9623","0.6437331438064575","0.6437331438064575","0.6437331438064575"
"90","9731","9731","9731","0.6327853202819824","0.6327853202819824","0.6327853202819824"
"91","9839","9839","9839","0.6247743368148804","0.6247743368148804","0.6247743368148804"
"92","9947","9947","9947","0.6159789562225342","0.6159789562225342","0.6159789562225342"
"93","10056","10056","10056","0.6124703288078308","0.6124703288078308","0.6124703288078308"
"94","10164","10164","10164","0.614639163017273","0.614639163017273","0.614639163017273"
"95","10272","10272","10272","0.5987898707389832","0.5987898707389832","0.5987898707389832"
"96","10380","10380","10380","0.5992915034294128","0.5992915034294128","0.5992915034294128"
"97","10488","10488","10488","0.5875335335731506","0.5875335335731506","0.5875335335731506"
"98","10596","10596","10596","0.6001056432723999","0.6001056432723999","0.6001056432723999"
"99","10704","10704","10704","0.5836196541786194","0.5836196541786194","0.5836196541786194"
"100","10813","10813","10813","0.5748159289360046","0.5748159289360046","0.5748159289360046"
"101","10921","10921","10921","0.57374107837677","0.57374107837677","0.57374107837677"
"102","11029","11029","11029","0.5715467929840088","0.5715467929840088","0.5715467929840088"
"103","11137","11137","11137","0.5685771107673645","0.5685771107673645","0.5685771107673645"
"104","11245","11245","11245","0.5548973679542542","0.5548973679542542","0.5548973679542542"
"105","11353","11353","11353","0.5543227791786194","0.5543227791786194","0.5543227791786194"
"106","11461","11461","11461","0.5565689206123352","0.5565689206123352","0.5565689206123352"
"107","11569","11569","11569","0.5465725064277649","0.5465725064277649","0.5465725064277649"
"108","11678","11678","11678","0.5461552143096924","0.5461552143096924","0.5461552143096924"
"109","11786","11786","11786","0.5405635833740234","0.5405635833740234","0.5405635833740234"
"110","11894","11894","11894","0.5419619679450989","0.5419619679450989","0.5419619679450989"
"111","12002","12002","12002","0.5391533374786377","0.5391533374786377","0.5391533374786377"
"112","12110","12110","12110","0.534622848033905","0.534622848033905","0.534622848033905"
"113","12218","12218","12218","0.5282314419746399","0.5282314419746399","0.5282314419746399"
"114","12326","12326","12326","0.5207599401473999","0.5207599401473999","0.5207599401473999"
"115","12435","12435","12435","0.5204722881317139","0.5204722881317139","0.5204722881317139"
"116","12543","12543","12543","0.5184800028800964","0.5184800028800964","0.5184800028800964"
"117","12651","12651","12651","0.5168552398681641","0.5168552398681641","0.5168552398681641"
"118","12759","12759","12759","0.5123010873794556","0.5123010873794556","0.5123010873794556"
"119","12867","12867","12867","0.504138171672821","0.504138171672821","0.504138171672821"
"120","12975","12975","12975","0.5148645639419556","0.5148645639419556","0.5148645639419556"
"121","13083","13083","13083","0.507727324962616","0.507727324962616","0.507727324962616"
"122","13192","13192","13192","0.5002254247665405","0.5002254247665405","0.5002254247665405"
"123","13300","13300","13300","0.49746614694595337","0.49746614694595337","0.49746614694595337"
"124","13408","13408","13408","0.4902728796005249","0.4902728796005249","0.4902728796005249"
"125","13516","13516","13516","0.4834595024585724","0.4834595024585724","0.4834595024585724"
"126","13624","13624","13624","0.4889949858188629","0.4889949858188629","0.4889949858188629"
"127","13732","13732","13732","0.4782630503177643","0.4782630503177643","0.4782630503177643"
"128","13840","13840","13840","0.477785587310791","0.477785587310791","0.477785587310791"
"129","13949","13949","13949","0.47804075479507446","0.47804075479507446","0.47804075479507446"
"130","14057","14057","14057","0.4749522805213928","0.4749522805213928","0.4749522805213928"
"131","14165","14165","14165","0.47061240673065186","0.47061240673065186","0.47061240673065186"
"132","14273","14273","14273","0.4603644609451294","0.4603644609451294","0.4603644609451294"
"133","14381","14381","14381","0.461148738861084","0.461148738861084","0.461148738861084"
"134","14489","14489","14489","0.4658450782299042","0.4658450782299042","0.4658450782299042"
"135","14597","14597","14597","0.45846664905548096","0.45846664905548096","0.45846664905548096"
"136","14706","14706","14706","0.4502940773963928","0.4502940773963928","0.4502940773963928"
"137","14814","14814","14814","0.4570983946323395","0.4570983946323395","0.4570983946323395"
"138","14922","14922","14922","0.4455313980579376","0.4455313980579376","0.4455313980579376"
"139","15030","15030","15030","0.44743508100509644","0.44743508100509644","0.44743508100509644"
"140","15138","15138","15138","0.4394409954547882","0.4394409954547882","0.4394409954547882"
"141","15246","15246","15246","0.43563565611839294","0.43563565611839294","0.43563565611839294"
"142","15354","15354","15354","0.4414162039756775","0.4414162039756775","0.4414162039756775"
"143","15463","15463","15463","0.43600043654441833","0.43600043654441833","0.43600043654441833"
"144","15571","15571","15571","0.44473591446876526","0.44473591446876526","0.44473591446876526"
"145","15679","15679","15679","0.43758705258369446","0.43758705258369446","0.43758705258369446"
"146","15787","15787","15787","0.4346853792667389","0.4346853792667389","0.4346853792667389"
"147","15895","15895","15895","0.4334524869918823","0.4334524869918823","0.4334524869918823"
"148","16003","16003","16003","0.4295279085636139","0.4295279085636139","0.4295279085636139"
"149","16111","16111","16111","0.4270850718021393","0.4270850718021393","0.4270850718021393"
"150","16220","16220","16220","0.42268112301826477","0.42268112301826477","0.42268112301826477"
"151","16328","16328","16328","0.4210394620895386","0.4210394620895386","0.4210394620895386"
"152","16436","16436","16436","0.4139659106731415","0.4139659106731415","0.4139659106731415"
"153","16544","16544","16544","0.4124352037906647","0.4124352037906647","0.4124352037906647"
"154","16652","16652","16652","0.40880081057548523","0.40880081057548523","0.40880081057548523"
"155","16760","16760","16760","0.41365328431129456","0.41365328431129456","0.41365328431129456"
"156","16868","16868","16868","0.409380704164505","0.409380704164505","0.409380704164505"
"157","16976","16976","16976","0.4083232879638672","0.4083232879638672","0.4083232879638672"
"158","17085","17085","17085","0.40538081526756287","0.40538081526756287","0.40538081526756287"
"159","17193","17193","17193","0.39624080061912537","0.39624080061912537","0.39624080061912537"
"160","17301","17301","17301","0.40037572383880615","0.40037572383880615","0.40037572383880615"
"161","17409","17409","17409","0.40203219652175903","0.40203219652175903","0.40203219652175903"
"162","17517","17517","17517","0.39326319098472595","0.39326319098472595","0.39326319098472595"
"163","17625","17625","17625","0.394838809967041","0.394838809967041","0.394838809967041"
"164","17733","17733","17733","0.3902972340583801","0.3902972340583801","0.3902972340583801"
"165","17842","17842","17842","0.3865363895893097","0.3865363895893097","0.3865363895893097"
"166","17950","17950","17950","0.38986048102378845","0.38986048102378845","0.38986048102378845"
"167","18058","18058","18058","0.38951799273490906","0.38951799273490906","0.38951799273490906"
"168","18166","18166","18166","0.38447317481040955","0.38447317481040955","0.38447317481040955"
"169","18274","18274","18274","0.382963627576828","0.382963627576828","0.382963627576828"
"170","18382","18382","18382","0.37952765822410583","0.37952765822410583","0.37952765822410583"
"171","18490","18490","18490","0.3729953467845917","0.3729953467845917","0.3729953467845917"
"172","18599","18599","18599","0.3757026493549347","0.3757026493549347","0.3757026493549347"
"173","18707","18707","18707","0.3786882758140564","0.3786882758140564","0.3786882758140564"
"174","18815","18815","18815","0.3723115026950836","0.3723115026950836","0.3723115026950836"
"175","18923","18923","18923","0.3764902651309967","0.3764902651309967","0.3764902651309967"
"176","19031","19031","19031","0.3672682046890259","0.3672682046890259","0.3672682046890259"
"177","19139","19139","19139","0.36421501636505127","0.36421501636505127","0.36421501636505127"
"178","19247","19247","19247","0.3661424517631531","0.3661424517631531","0.3661424517631531"
"179","19356","19356","19356","0.3615606129169464","0.3615606129169464","0.3615606129169464"
"180","19464","19464","19464","0.364886075258255","0.364886075258255","0.364886075258255"
"181","19572","19572","19572","0.3665722906589508","0.3665722906589508","0.3665722906589508"
"182","19680","19680","19680","0.35808902978897095","0.35808902978897095","0.35808902978897095"
"183","19788","19788","19788","0.3543705940246582","0.3543705940246582","0.3543705940246582"
"184","19896","19896","19896","0.3546565771102905","0.3546565771102905","0.3546565771102905"
"185","20004","20004","20004","0.35082677006721497","0.35082677006721497","0.35082677006721497"
"186","20113","20113","20113","0.3505009412765503","0.3505009412765503","0.3505009412765503"
"187","20221","20221","20221","0.35419711470603943","0.35419711470603943","0.35419711470603943"
"188","20329","20329","20329","0.3524373769760132","0.3524373769760132","0.3524373769760132"
"189","20437","20437","20437","0.35165244340896606","0.35165244340896606","0.35165244340896606"
"190","20545","20545","20545","0.33863070607185364","0.33863070607185364","0.33863070607185364"
"191","20653","20653","20653","0.3429831862449646","0.3429831862449646","0.3429831862449646"
"192","20761","20761","20761","0.34379100799560547","0.34379100799560547","0.34379100799560547"
"193","20870","20870","20870","0.3401643633842468","0.3401643633842468","0.3401643633842468"
"194","20978","20978","20978","0.3368035554885864","0.3368035554885864","0.3368035554885864"
"195","21086","21086","21086","0.34024715423583984","0.34024715423583984","0.34024715423583984"
"196","21194","21194","21194","0.33472350239753723","0.33472350239753723","0.33472350239753723"
"197","21302","21302","21302","0.33030784130096436","0.33030784130096436","0.33030784130096436"
"198","21410","21410","21410","0.34012147784233093","0.34012147784233093","0.34012147784233093"
"199","21518","21518","21518","0.33551210165023804","0.33551210165023804","0.33551210165023804"
"200","21627","21627","21627","0.33161526918411255","0.33161526918411255","0.33161526918411255"
"201","21735","21735","21735","0.32442089915275574","0.32442089915275574","0.32442089915275574"
"202","21843","21843","21843","0.3299695551395416","0.3299695551395416","0.3299695551395416"
"203","21951","21951","21951","0.3285995423793793","0.3285995423793793","0.3285995423793793"
"204","22059","22059","22059","0.3232690989971161","0.3232690989971161","0.3232690989971161"
"205","22167","22167","22167","0.32869642972946167","0.32869642972946167","0.32869642972946167"
"206","22275","22275","22275","0.33082056045532227","0.33082056045532227","0.33082056045532227"
"207","22383","22383","22383","0.3243896961212158","0.3243896961212158","0.3243896961212158"
"208","22492","22492","22492","0.32235074043273926","0.32235074043273926","0.32235074043273926"
"209","22600","22600","22600","0.3205273151397705","0.3205273151397705","0.3205273151397705"
"210","22708","22708","22708","0.3169066309928894","0.3169066309928894","0.3169066309928894"
"211","22816","22816","22816","0.3142881393432617","0.3142881393432617","0.3142881393432617"
"212","22924","22924","22924","0.3147033154964447","0.3147033154964447","0.3147033154964447"
"213","23032","23032","23032","0.315748929977417","0.315748929977417","0.315748929977417"
"214","23140","23140","23140","0.3172396123409271","0.3172396123409271","0.3172396123409271"
"215","23249","23249","23249","0.30718809366226196","0.30718809366226196","0.30718809366226196"
"216","23357","23357","23357","0.31585851311683655","0.31585851311683655","0.31585851311683655"
"217","23465","23465","23465","0.3064556419849396","0.3064556419849396","0.3064556419849396"
"218","23573","23573","23573","0.3127589523792267","0.3127589523792267","0.3127589523792267"
"219","23681","23681","23681","0.30313941836357117","0.30313941836357117","0.30313941836357117"
"220","23789","23789","23789","0.3007242679595947","0.3007242679595947","0.3007242679595947"
"221","23897","23897","23897","0.3078533411026001","0.3078533411026001","0.3078533411026001"
"222","24006","24006","24006","0.30808693170547485","0.30808693170547485","0.30808693170547485"
"223","24114","24114","24114","0.30245503783226013","0.30245503783226013","0.30245503783226013"
"224","24222","24222","24222","0.29882845282554626","0.29882845282554626","0.29882845282554626"
"225","24330","24330","24330","0.2990993857383728","0.2990993857383728","0.2990993857383728"
"226","24438","24438","24438","0.2995299696922302","0.2995299696922302","0.2995299696922302"
"227","24546","24546","24546","0.2944783866405487","0.2944783866405487","0.2944783866405487"
"228","24654","24654","24654","0.30076834559440613","0.30076834559440613","0.30076834559440613"
"229","24763","24763","24763","0.2987596392631531","0.2987596392631531","0.2987596392631531"
"230","24871","24871","24871","0.2992154657840729","0.2992154657840729","0.2992154657840729"
"231","24979","24979","24979","0.2941916882991791","0.2941916882991791","0.2941916882991791"
"232","25087","25087","25087","0.292385071516037","0.292385071516037","0.292385071516037"
"233","25195","25195","25195","0.2966124415397644","0.2966124415397644","0.2966124415397644"
"234","25303","25303","25303","0.2923327386379242","0.2923327386379242","0.2923327386379242"
"235","25411","25411","25411","0.29291024804115295","0.29291024804115295","0.29291024804115295"
"236","25520","25520","25520","0.28853029012680054","0.28853029012680054","0.28853029012680054"
"237","25628","25628","25628","0.28384971618652344","0.28384971618652344","0.28384971618652344"
"238","25736","25736","25736","0.29232409596443176","0.29232409596443176","0.29232409596443176"
"239","25844","25844","25844","0.279558390378952","0.279558390378952","0.279558390378952"
"240","25952","25952","25952","0.29078951478004456","0.29078951478004456","0.29078951478004456"
"241","26060","26060","26060","0.2765820026397705","0.2765820026397705","0.2765820026397705"
"242","26168","26168","26168","0.286634624004364","0.286634624004364","0.286634624004364"
"243","26277","26277","26277","0.2798316180706024","0.2798316180706024","0.2798316180706024"
"244","26385","26385","26385","0.27664047479629517","0.27664047479629517","0.27664047479629517"
"245","26493","26493","26493","0.28006619215011597","0.28006619215011597","0.28006619215011597"
"246","26601","26601","26601","0.2768091857433319","0.2768091857433319","0.2768091857433319"
"247","26709","26709","26709","0.27632758021354675","0.27632758021354675","0.27632758021354675"
"248","26817","26817","26817","0.27810588479042053","0.27810588479042053","0.27810588479042053"
"249","26925","26925","26925","0.27307966351509094","0.27307966351509094","0.27307966351509094"
"250","27034","27034","27034","0.2724451422691345","0.2724451422691345","0.2724451422691345"
"251","27142","27142","27142","0.2717841565608978","0.2717841565608978","0.2717841565608978"
"252","27250","27250","27250","0.27079305052757263","0.27079305052757263","0.27079305052757263"
"253","27358","27358","27358","0.27212125062942505","0.27212125062942505","0.27212125062942505"
"254","27466","27466","27466","0.2729288637638092","0.2729288637638092","0.2729288637638092"
"255","27574","27574","27574","0.26854532957077026","0.26854532957077026","0.26854532957077026"
"256","27682","27682","27682","0.26378270983695984","0.26378270983695984","0.26378270983695984"
"257","27790","27790","27790","0.26713451743125916","0.26713451743125916","0.26713451743125916"
"258","27899","27899","27899","0.2724817097187042","0.2724817097187042","0.2724817097187042"
"259","28007","28007","28007","0.2658892273902893","0.2658892273902893","0.2658892273902893"
"260","28115","28115","28115","0.2628619372844696","0.2628619372844696","0.2628619372844696"
"261","28223","28223","28223","0.2662763297557831","0.2662763297557831","0.2662763297557831"
"262","28331","28331","28331","0.25894737243652344","0.25894737243652344","0.25894737243652344"
"263","28439","28439","28439","0.25994232296943665","0.25994232296943665","0.25994232296943665"
"264","28547","28547","28547","0.26455071568489075","0.26455071568489075","0.26455071568489075"
"265","28656","28656","28656","0.2572862505912781","0.2572862505912781","0.2572862505912781"
"266","28764","28764","28764","0.2572786509990692","0.2572786509990692","0.2572786509990692"
"267","28872","28872","28872","0.2551902234554291","0.2551902234554291","0.2551902234554291"
"268","28980","28980","28980","0.25303196907043457","0.25303196907043457","0.25303196907043457"
"269","29088","29088","29088","0.2556067109107971","0.2556067109107971","0.2556067109107971"
"270","29196","29196","29196","0.2620502710342407","0.2620502710342407","0.2620502710342407"
"271","29304","29304","29304","0.2547728717327118","0.2547728717327118","0.2547728717327118"
"272","29413","29413","29413","0.24964089691638947","0.24964089691638947","0.24964089691638947"
"273","29521","29521","29521","0.26001447439193726","0.26001447439193726","0.26001447439193726"
"274","29629","29629","29629","0.2535251975059509","0.2535251975059509","0.2535251975059509"
"275","29737","29737","29737","0.2531255781650543","0.2531255781650543","0.2531255781650543"
"276","29845","29845","29845","0.25384294986724854","0.25384294986724854","0.25384294986724854"
"277","29953","29953","29953","0.24951064586639404","0.24951064586639404","0.24951064586639404"
"278","30061","30061","30061","0.24557702243328094","0.24557702243328094","0.24557702243328094"
"279","30170","30170","30170","0.2456965446472168","0.2456965446472168","0.2456965446472168"
"280","30278","30278","30278","0.2500333786010742","0.2500333786010742","0.2500333786010742"
"281","30386","30386","30386","0.2469891607761383","0.2469891607761383","0.2469891607761383"
"282","30494","30494","30494","0.2419520616531372","0.2419520616531372","0.2419520616531372"
"283","30602","30602","30602","0.24404463171958923","0.24404463171958923","0.24404463171958923"
"284","30710","30710","30710","0.24533109366893768","0.24533109366893768","0.24533109366893768"
"285","30818","30818","30818","0.2418404370546341","0.2418404370546341","0.2418404370546341"
"286","30927","30927","30927","0.24150678515434265","0.24150678515434265","0.24150678515434265"
"287","31035","31035","31035","0.24369174242019653","0.24369174242019653","0.24369174242019653"
"288","31143","31143","31143","0.24347271025180817","0.24347271025180817","0.24347271025180817"
"289","31251","31251","31251","0.24111776053905487","0.24111776053905487","0.24111776053905487"
"290","31359","31359","31359","0.23874759674072266","0.23874759674072266","0.23874759674072266"
"291","31467","31467","31467","0.2385447919368744","0.2385447919368744","0.2385447919368744"
"292","31575","31575","31575","0.23767352104187012","0.23767352104187012","0.23767352104187012"
"293","31684","31684","31684","0.23539595305919647","0.23539595305919647","0.23539595305919647"
"294","31792","31792","31792","0.24161140620708466","0.24161140620708466","0.24161140620708466"
"295","31900","31900","31900","0.2405945360660553","0.2405945360660553","0.2405945360660553"
"296","32008","32008","32008","0.23510509729385376","0.23510509729385376","0.23510509729385376"
"297","32116","32116","32116","0.23453812301158905","0.23453812301158905","0.23453812301158905"
"298","32224","32224","32224","0.2355899214744568","0.2355899214744568","0.2355899214744568"
"299","32332","32332","32332","0.23611383140087128","0.23611383140087128","0.23611383140087128"
"300","32441","32441","32441","0.2338622808456421","0.2338622808456421","0.2338622808456421"
"301","32656.5","32549","32764","0.22543739527463913","0.22509066760540009","0.22578412294387817"
"302","32872","32872","32872","0.21601060032844543","0.21601060032844543","0.21601060032844543"
"303","32980","32980","32980","0.2139027863740921","0.2139027863740921","0.2139027863740921"
"304","33088","33088","33088","0.2150120735168457","0.2150120735168457","0.2150120735168457"
"305","33196","33196","33196","0.21076607704162598","0.21076607704162598","0.21076607704162598"
"306","33304","33304","33304","0.20957894623279572","0.20957894623279572","0.20957894623279572"
"307","33412","33412","33412","0.20684005320072174","0.20684005320072174","0.20684005320072174"
"308","33521","33521","33521","0.20315982401371002","0.20315982401371002","0.20315982401371002"
"309","33629","33629","33629","0.20451360940933228","0.20451360940933228","0.20451360940933228"
"310","33737","33737","33737","0.2014489620923996","0.2014489620923996","0.2014489620923996"
"311","33845","33845","33845","0.20466546714305878","0.20466546714305878","0.20466546714305878"
"312","33953","33953","33953","0.20220346748828888","0.20220346748828888","0.20220346748828888"
"313","34061","34061","34061","0.1998174786567688","0.1998174786567688","0.1998174786567688"
"314","34169","34169","34169","0.200975239276886","0.200975239276886","0.200975239276886"
"315","34278","34278","34278","0.19887742400169373","0.19887742400169373","0.19887742400169373"
"316","34386","34386","34386","0.20487447082996368","0.20487447082996368","0.20487447082996368"
"317","34494","34494","34494","0.2030840814113617","0.2030840814113617","0.2030840814113617"
"318","34602","34602","34602","0.19860012829303741","0.19860012829303741","0.19860012829303741"
"319","34710","34710","34710","0.19716735184192657","0.19716735184192657","0.19716735184192657"
"320","34818","34818","34818","0.1985674649477005","0.1985674649477005","0.1985674649477005"
"321","34926","34926","34926","0.19975018501281738","0.19975018501281738","0.19975018501281738"
"322","35035","35035","35035","0.19836625456809998","0.19836625456809998","0.19836625456809998"
"323","35143","35143","35143","0.19771593809127808","0.19771593809127808","0.19771593809127808"
"324","35251","35251","35251","0.19477273523807526","0.19477273523807526","0.19477273523807526"
"325","35359","35359","35359","0.1928052008152008","0.1928052008152008","0.1928052008152008"
"326","35467","35467","35467","0.19578933715820312","0.19578933715820312","0.19578933715820312"
"327","35575","35575","35575","0.1974262148141861","0.1974262148141861","0.1974262148141861"
"328","35683","35683","35683","0.19549256563186646","0.19549256563186646","0.19549256563186646"
"329","35792","35792","35792","0.1962086707353592","0.1962086707353592","0.1962086707353592"
"330","35900","35900","35900","0.19223536550998688","0.19223536550998688","0.19223536550998688"
"331","36008","36008","36008","0.19624274969100952","0.19624274969100952","0.19624274969100952"
"332","36116","36116","36116","0.194028839468956","0.194028839468956","0.194028839468956"
"333","36224","36224","36224","0.1924591064453125","0.1924591064453125","0.1924591064453125"
"334","36332","36332","36332","0.19126828014850616","0.19126828014850616","0.19126828014850616"
"335","36440","36440","36440","0.19117020070552826","0.19117020070552826","0.19117020070552826"
"336","36549","36549","36549","0.19341498613357544","0.19341498613357544","0.19341498613357544"
"337","36657","36657","36657","0.19603703916072845","0.19603703916072845","0.19603703916072845"
"338","36765","36765","36765","0.188024640083313","0.188024640083313","0.188024640083313"
"339","36873","36873","36873","0.19635212421417236","0.19635212421417236","0.19635212421417236"
"340","36981","36981","36981","0.1893787533044815","0.1893787533044815","0.1893787533044815"
"341","37089","37089","37089","0.19182324409484863","0.19182324409484863","0.19182324409484863"
"342","37197","37197","37197","0.1883983463048935","0.1883983463048935","0.1883983463048935"
"343","37306","37306","37306","0.1923925131559372","0.1923925131559372","0.1923925131559372"
"344","37414","37414","37414","0.19353845715522766","0.19353845715522766","0.19353845715522766"
"345","37522","37522","37522","0.19222252070903778","0.19222252070903778","0.19222252070903778"
"346","37630","37630","37630","0.1893676519393921","0.1893676519393921","0.1893676519393921"
"347","37738","37738","37738","0.189225971698761","0.189225971698761","0.189225971698761"
"348","37846","37846","37846","0.19057147204875946","0.19057147204875946","0.19057147204875946"
"349","37954","37954","37954","0.18948106467723846","0.18948106467723846","0.18948106467723846"
"350","38063","38063","38063","0.19021576642990112","0.19021576642990112","0.19021576642990112"
"351","38171","38171","38171","0.18603578209877014","0.18603578209877014","0.18603578209877014"
"352","38279","38279","38279","0.18589907884597778","0.18589907884597778","0.18589907884597778"
"353","38387","38387","38387","0.1875969022512436","0.1875969022512436","0.1875969022512436"
"354","38495","38495","38495","0.18896697461605072","0.18896697461605072","0.18896697461605072"
"355","38603","38603","38603","0.1922021508216858","0.1922021508216858","0.1922021508216858"
"356","38711","38711","38711","0.18949313461780548","0.18949313461780548","0.18949313461780548"
"357","38819","38819","38819","0.1873762309551239","0.1873762309551239","0.1873762309551239"
"358","38928","38928","38928","0.18850593268871307","0.18850593268871307","0.18850593268871307"
"359","39036","39036","39036","0.18945109844207764","0.18945109844207764","0.18945109844207764"
"360","39144","39144","39144","0.1875627189874649","0.1875627189874649","0.1875627189874649"
"361","39252","39252","39252","0.18823590874671936","0.18823590874671936","0.18823590874671936"
"362","39360","39360","39360","0.19032631814479828","0.19032631814479828","0.19032631814479828"
"363","39468","39468","39468","0.18716487288475037","0.18716487288475037","0.18716487288475037"
"364","39576","39576","39576","0.19151711463928223","0.19151711463928223","0.19151711463928223"
"365","39685","39685","39685","0.1870393007993698","0.1870393007993698","0.1870393007993698"
"366","39793","39793","39793","0.18087664246559143","0.18087664246559143","0.18087664246559143"
"367","39901","39901","39901","0.18604163825511932","0.18604163825511932","0.18604163825511932"
"368","40009","40009","40009","0.18435733020305634","0.18435733020305634","0.18435733020305634"
"369","40117","40117","40117","0.1839004009962082","0.1839004009962082","0.1839004009962082"
"370","40225","40225","40225","0.1882353127002716","0.1882353127002716","0.1882353127002716"
"371","40333","40333","40333","0.18331791460514069","0.18331791460514069","0.18331791460514069"
"372","40442","40442","40442","0.18029965460300446","0.18029965460300446","0.18029965460300446"
"373","40550","40550","40550","0.18303124606609344","0.18303124606609344","0.18303124606609344"
"374","40658","40658","40658","0.18335549533367157","0.18335549533367157","0.18335549533367157"
"375","40766","40766","40766","0.18427574634552002","0.18427574634552002","0.18427574634552002"
"376","40874","40874","40874","0.18730472028255463","0.18730472028255463","0.18730472028255463"
"377","40982","40982","40982","0.18579693138599396","0.18579693138599396","0.18579693138599396"
"378","41090","41090","41090","0.18447628617286682","0.18447628617286682","0.18447628617286682"
"379","41199","41199","41199","0.18450431525707245","0.18450431525707245","0.18450431525707245"
"380","41307","41307","41307","0.18518641591072083","0.18518641591072083","0.18518641591072083"
"381","41415","41415","41415","0.18555860221385956","0.18555860221385956","0.18555860221385956"
"382","41523","41523","41523","0.1852957010269165","0.1852957010269165","0.1852957010269165"
"383","41631","41631","41631","0.18547719717025757","0.18547719717025757","0.18547719717025757"
"384","41739","41739","41739","0.1857399344444275","0.1857399344444275","0.1857399344444275"
"385","41847","41847","41847","0.1825920194387436","0.1825920194387436","0.1825920194387436"
"386","41956","41956","41956","0.18213796615600586","0.18213796615600586","0.18213796615600586"
"387","42064","42064","42064","0.18525946140289307","0.18525946140289307","0.18525946140289307"
"388","42172","42172","42172","0.18442870676517487","0.18442870676517487","0.18442870676517487"
"389","42280","42280","42280","0.18285474181175232","0.18285474181175232","0.18285474181175232"
"390","42388","42388","42388","0.17895230650901794","0.17895230650901794","0.17895230650901794"
"391","42496","42496","42496","0.1824757307767868","0.1824757307767868","0.1824757307767868"
"392","42604","42604","42604","0.17909495532512665","0.17909495532512665","0.17909495532512665"
"393","42713","42713","42713","0.1860681176185608","0.1860681176185608","0.1860681176185608"
"394","42821","42821","42821","0.1811123788356781","0.1811123788356781","0.1811123788356781"
"395","42929","42929","42929","0.18664434552192688","0.18664434552192688","0.18664434552192688"
"396","43037","43037","43037","0.1815165877342224","0.1815165877342224","0.1815165877342224"
"397","43145","43145","43145","0.18142491579055786","0.18142491579055786","0.18142491579055786"
"398","43253","43253","43253","0.1763356328010559","0.1763356328010559","0.1763356328010559"
"399","43361","43361","43361","0.1826690286397934","0.1826690286397934","0.1826690286397934"
"400","43470","43470","43470","0.18481025099754333","0.18481025099754333","0.18481025099754333"
"401","43578","43578","43578","0.18557001650333405","0.18557001650333405","0.18557001650333405"
"402","43686","43686","43686","0.1800653636455536","0.1800653636455536","0.1800653636455536"
"403","43794","43794","43794","0.18029390275478363","0.18029390275478363","0.18029390275478363"
"404","43902","43902","43902","0.18502292037010193","0.18502292037010193","0.18502292037010193"
"405","44010","44010","44010","0.18279987573623657","0.18279987573623657","0.18279987573623657"
"406","44118","44118","44118","0.1824391633272171","0.1824391633272171","0.1824391633272171"
"407","44226","44226","44226","0.17886164784431458","0.17886164784431458","0.17886164784431458"
"408","44335","44335","44335","0.17873769998550415","0.17873769998550415","0.17873769998550415"
"409","44443","44443","44443","0.17918473482131958","0.17918473482131958","0.17918473482131958"
"410","44551","44551","44551","0.17865926027297974","0.17865926027297974","0.17865926027297974"
"411","44659","44659","44659","0.17511579394340515","0.17511579394340515","0.17511579394340515"
"412","44767","44767","44767","0.18027567863464355","0.18027567863464355","0.18027567863464355"
"413","44875","44875","44875","0.1821896880865097","0.1821896880865097","0.1821896880865097"
"414","44983","44983","44983","0.17840710282325745","0.17840710282325745","0.17840710282325745"
"415","45092","45092","45092","0.18406876921653748","0.18406876921653748","0.18406876921653748"
"416","45200","45200","45200","0.1805778592824936","0.1805778592824936","0.1805778592824936"
"417","45308","45308","45308","0.17737729847431183","0.17737729847431183","0.17737729847431183"
"418","45416","45416","45416","0.17939843237400055","0.17939843237400055","0.17939843237400055"
"419","45524","45524","45524","0.1749812662601471","0.1749812662601471","0.1749812662601471"
"420","45632","45632","45632","0.1782013177871704","0.1782013177871704","0.1782013177871704"
"421","45740","45740","45740","0.1771809607744217","0.1771809607744217","0.1771809607744217"
"422","45849","45849","45849","0.1802612841129303","0.1802612841129303","0.1802612841129303"
"423","45957","45957","45957","0.17519113421440125","0.17519113421440125","0.17519113421440125"
"424","46065","46065","46065","0.17907530069351196","0.17907530069351196","0.17907530069351196"
"425","46173","46173","46173","0.17353004217147827","0.17353004217147827","0.17353004217147827"
"426","46281","46281","46281","0.1759636551141739","0.1759636551141739","0.1759636551141739"
"427","46389","46389","46389","0.1751028299331665","0.1751028299331665","0.1751028299331665"
"428","46497","46497","46497","0.1785600781440735","0.1785600781440735","0.1785600781440735"
"429","46606","46606","46606","0.17864643037319183","0.17864643037319183","0.17864643037319183"
"430","46714","46714","46714","0.17736397683620453","0.17736397683620453","0.17736397683620453"
"431","46822","46822","46822","0.1736719012260437","0.1736719012260437","0.1736719012260437"
"432","46930","46930","46930","0.17713876068592072","0.17713876068592072","0.17713876068592072"
"433","47038","47038","47038","0.17623355984687805","0.17623355984687805","0.17623355984687805"
"434","47146","47146","47146","0.17377829551696777","0.17377829551696777","0.17377829551696777"
"435","47254","47254","47254","0.17677299678325653","0.17677299678325653","0.17677299678325653"
"436","47363","47363","47363","0.17446035146713257","0.17446035146713257","0.17446035146713257"
"437","47471","47471","47471","0.17710484564304352","0.17710484564304352","0.17710484564304352"
"438","47579","47579","47579","0.17747855186462402","0.17747855186462402","0.17747855186462402"
"439","47687","47687","47687","0.17402179539203644","0.17402179539203644","0.17402179539203644"
"440","47795","47795","47795","0.17458295822143555","0.17458295822143555","0.17458295822143555"
"441","47903","47903","47903","0.17691180109977722","0.17691180109977722","0.17691180109977722"
"442","48011","48011","48011","0.1763005256652832","0.1763005256652832","0.1763005256652832"
"443","48120","48120","48120","0.1813088208436966","0.1813088208436966","0.1813088208436966"
"444","48228","48228","48228","0.17502005398273468","0.17502005398273468","0.17502005398273468"
"445","48336","48336","48336","0.1769450306892395","0.1769450306892395","0.1769450306892395"
"446","48444","48444","48444","0.17228560149669647","0.17228560149669647","0.17228560149669647"
"447","48552","48552","48552","0.17710450291633606","0.17710450291633606","0.17710450291633606"
"448","48660","48660","48660","0.17290447652339935","0.17290447652339935","0.17290447652339935"
"449","48768","48768","48768","0.1783374398946762","0.1783374398946762","0.1783374398946762"
"450","48877","48877","48877","0.17377983033657074","0.17377983033657074","0.17377983033657074"
"451","48985","48985","48985","0.17269697785377502","0.17269697785377502","0.17269697785377502"
"452","49093","49093","49093","0.17189469933509827","0.17189469933509827","0.17189469933509827"
"453","49201","49201","49201","0.17356646060943604","0.17356646060943604","0.17356646060943604"
"454","49309","49309","49309","0.17351269721984863","0.17351269721984863","0.17351269721984863"
"455","49417","49417","49417","0.1743447333574295","0.1743447333574295","0.1743447333574295"
"456","49525","49525","49525","0.17085133492946625","0.17085133492946625","0.17085133492946625"
"457","49633","49633","49633","0.17337310314178467","0.17337310314178467","0.17337310314178467"
"458","49742","49742","49742","0.17385193705558777","0.17385193705558777","0.17385193705558777"
"459","49850","49850","49850","0.17059791088104248","0.17059791088104248","0.17059791088104248"
"460","49958","49958","49958","0.17565754055976868","0.17565754055976868","0.17565754055976868"
"461","50066","50066","50066","0.17804397642612457","0.17804397642612457","0.17804397642612457"
"462","50174","50174","50174","0.17217814922332764","0.17217814922332764","0.17217814922332764"
"463","50282","50282","50282","0.1744801253080368","0.1744801253080368","0.1744801253080368"
"464","50390","50390","50390","0.17088867723941803","0.17088867723941803","0.17088867723941803"
"465","50499","50499","50499","0.17605137825012207","0.17605137825012207","0.17605137825012207"
"466","50607","50607","50607","0.17142146825790405","0.17142146825790405","0.17142146825790405"
"467","50715","50715","50715","0.175855815410614","0.175855815410614","0.175855815410614"
"468","50823","50823","50823","0.172687366604805","0.172687366604805","0.172687366604805"
"469","50931","50931","50931","0.17528916895389557","0.17528916895389557","0.17528916895389557"
"470","51039","51039","51039","0.1717500537633896","0.1717500537633896","0.1717500537633896"
"471","51147","51147","51147","0.16762463748455048","0.16762463748455048","0.16762463748455048"
"472","51256","51256","51256","0.17294500768184662","0.17294500768184662","0.17294500768184662"
"473","51364","51364","51364","0.17191128432750702","0.17191128432750702","0.17191128432750702"
"474","51472","51472","51472","0.1681510955095291","0.1681510955095291","0.1681510955095291"
"475","51580","51580","51580","0.174819216132164","0.174819216132164","0.174819216132164"
"476","51688","51688","51688","0.17397136986255646","0.17397136986255646","0.17397136986255646"
"477","51796","51796","51796","0.16870732605457306","0.16870732605457306","0.16870732605457306"
"478","51904","51904","51904","0.1716417819261551","0.1716417819261551","0.1716417819261551"
"479","52013","52013","52013","0.17228750884532928","0.17228750884532928","0.17228750884532928"
"480","52121","52121","52121","0.17411914467811584","0.17411914467811584","0.17411914467811584"
"481","52229","52229","52229","0.170804962515831","0.170804962515831","0.170804962515831"
"482","52337","52337","52337","0.17593590915203094","0.17593590915203094","0.17593590915203094"
"483","52445","52445","52445","0.1722145676612854","0.1722145676612854","0.1722145676612854"
"484","52553","52553","52553","0.1758633553981781","0.1758633553981781","0.1758633553981781"
"485","52661","52661","52661","0.17606979608535767","0.17606979608535767","0.17606979608535767"
"486","52770","52770","52770","0.1693088710308075","0.1693088710308075","0.1693088710308075"
"487","52878","52878","52878","0.16843150556087494","0.16843150556087494","0.16843150556087494"
"488","52986","52986","52986","0.1744903177022934","0.1744903177022934","0.1744903177022934"
"489","53094","53094","53094","0.1663028448820114","0.1663028448820114","0.1663028448820114"
"490","53202","53202","53202","0.17288470268249512","0.17288470268249512","0.17288470268249512"
"491","53310","53310","53310","0.17334209382534027","0.17334209382534027","0.17334209382534027"
"492","53418","53418","53418","0.1699676513671875","0.1699676513671875","0.1699676513671875"
"493","53527","53527","53527","0.17511571943759918","0.17511571943759918","0.17511571943759918"
"494","53635","53635","53635","0.17186503112316132","0.17186503112316132","0.17186503112316132"
"495","53743","53743","53743","0.16754086315631866","0.16754086315631866","0.16754086315631866"
"496","53851","53851","53851","0.1703055053949356","0.1703055053949356","0.1703055053949356"
"497","53959","53959","53959","0.1677684187889099","0.1677684187889099","0.1677684187889099"
"498","54067","54067","54067","0.17308558523654938","0.17308558523654938","0.17308558523654938"
"499","54175","54175","54175","0.17444047331809998","0.17444047331809998","0.17444047331809998"
"500","54284","54284","54284","0.16899017989635468","0.16899017989635468","0.16899017989635468"
"501","54392","54392","54392","0.17058482766151428","0.17058482766151428","0.17058482766151428"
"502","54500","54500","54500","0.17068631947040558","0.17068631947040558","0.17068631947040558"
"503","54608","54608","54608","0.17287610471248627","0.17287610471248627","0.17287610471248627"
"504","54716","54716","54716","0.16898198425769806","0.16898198425769806","0.16898198425769806"
"505","54824","54824","54824","0.16765542328357697","0.16765542328357697","0.16765542328357697"
"506","54932","54932","54932","0.1676623523235321","0.1676623523235321","0.1676623523235321"
"507","55040","55040","55040","0.1754837930202484","0.1754837930202484","0.1754837930202484"
"508","55149","55149","55149","0.170340895652771","0.170340895652771","0.170340895652771"
"509","55257","55257","55257","0.1677340567111969","0.1677340567111969","0.1677340567111969"
"510","55365","55365","55365","0.17228323221206665","0.17228323221206665","0.17228323221206665"
"511","55473","55473","55473","0.1736743152141571","0.1736743152141571","0.1736743152141571"
"512","55581","55581","55581","0.1714787483215332","0.1714787483215332","0.1714787483215332"
"513","55689","55689","55689","0.16860029101371765","0.16860029101371765","0.16860029101371765"
"514","55797","55797","55797","0.16888044774532318","0.16888044774532318","0.16888044774532318"
"515","55906","55906","55906","0.16840027272701263","0.16840027272701263","0.16840027272701263"
"516","56014","56014","56014","0.16902582347393036","0.16902582347393036","0.16902582347393036"
"517","56122","56122","56122","0.16714277863502502","0.16714277863502502","0.16714277863502502"
"518","56230","56230","56230","0.16872818768024445","0.16872818768024445","0.16872818768024445"
"519","56338","56338","56338","0.16732777655124664","0.16732777655124664","0.16732777655124664"
"520","56446","56446","56446","0.1675679236650467","0.1675679236650467","0.1675679236650467"
"521","56554","56554","56554","0.17036116123199463","0.17036116123199463","0.17036116123199463"
"522","56663","56663","56663","0.16922041773796082","0.16922041773796082","0.16922041773796082"
"523","56771","56771","56771","0.1661103218793869","0.1661103218793869","0.1661103218793869"
"524","56879","56879","56879","0.16864646971225739","0.16864646971225739","0.16864646971225739"
"525","56987","56987","56987","0.16866615414619446","0.16866615414619446","0.16866615414619446"
"526","57095","57095","57095","0.1643565148115158","0.1643565148115158","0.1643565148115158"
"527","57203","57203","57203","0.16777460277080536","0.16777460277080536","0.16777460277080536"
"528","57311","57311","57311","0.16961722075939178","0.16961722075939178","0.16961722075939178"
"529","57420","57420","57420","0.16826434433460236","0.16826434433460236","0.16826434433460236"
"530","57528","57528","57528","0.16699910163879395","0.16699910163879395","0.16699910163879395"
"531","57636","57636","57636","0.16703008115291595","0.16703008115291595","0.16703008115291595"
"532","57744","57744","57744","0.1682477593421936","0.1682477593421936","0.1682477593421936"
"533","57852","57852","57852","0.1722426861524582","0.1722426861524582","0.1722426861524582"
"534","57960","57960","57960","0.15925830602645874","0.15925830602645874","0.15925830602645874"
"535","58068","58068","58068","0.1659126877784729","0.1659126877784729","0.1659126877784729"
"536","58177","58177","58177","0.1688658893108368","0.1688658893108368","0.1688658893108368"
"537","58285","58285","58285","0.1665317863225937","0.1665317863225937","0.1665317863225937"
"538","58393","58393","58393","0.16725273430347443","0.16725273430347443","0.16725273430347443"
"539","58501","58501","58501","0.1687290519475937","0.1687290519475937","0.1687290519475937"
"540","58609","58609","58609","0.16816626489162445","0.16816626489162445","0.16816626489162445"
"541","58717","58717","58717","0.16638216376304626","0.16638216376304626","0.16638216376304626"
"542","58825","58825","58825","0.1665080338716507","0.1665080338716507","0.1665080338716507"
"543","58934","58934","58934","0.16659677028656006","0.16659677028656006","0.16659677028656006"
"544","59042","59042","59042","0.16666053235530853","0.16666053235530853","0.16666053235530853"
"545","59150","59150","59150","0.1660807877779007","0.1660807877779007","0.1660807877779007"
"546","59258","59258","59258","0.17085376381874084","0.17085376381874084","0.17085376381874084"
"547","59366","59366","59366","0.16758285462856293","0.16758285462856293","0.16758285462856293"
"548","59474","59474","59474","0.16668368875980377","0.16668368875980377","0.16668368875980377"
"549","59582","59582","59582","0.16706550121307373","0.16706550121307373","0.16706550121307373"
"550","59691","59691","59691","0.16475890576839447","0.16475890576839447","0.16475890576839447"
"551","59799","59799","59799","0.16704635322093964","0.16704635322093964","0.16704635322093964"
"552","59907","59907","59907","0.16401371359825134","0.16401371359825134","0.16401371359825134"
"553","60015","60015","60015","0.16620072722434998","0.16620072722434998","0.16620072722434998"
"554","60123","60123","60123","0.16769276559352875","0.16769276559352875","0.16769276559352875"
"555","60231","60231","60231","0.16463607549667358","0.16463607549667358","0.16463607549667358"
"556","60339","60339","60339","0.16634301841259003","0.16634301841259003","0.16634301841259003"
"557","60447","60447","60447","0.16563457250595093","0.16563457250595093","0.16563457250595093"
"558","60556","60556","60556","0.16621795296669006","0.16621795296669006","0.16621795296669006"
"559","60664","60664","60664","0.1650816947221756","0.1650816947221756","0.1650816947221756"
"560","60772","60772","60772","0.16281510889530182","0.16281510889530182","0.16281510889530182"
"561","60880","60880","60880","0.1677224040031433","0.1677224040031433","0.1677224040031433"
"562","60988","60988","60988","0.166359081864357","0.166359081864357","0.166359081864357"
"563","61096","61096","61096","0.16241805255413055","0.16241805255413055","0.16241805255413055"
"564","61204","61204","61204","0.16420333087444305","0.16420333087444305","0.16420333087444305"
"565","61313","61313","61313","0.168300062417984","0.168300062417984","0.168300062417984"
"566","61421","61421","61421","0.16140736639499664","0.16140736639499664","0.16140736639499664"
"567","61529","61529","61529","0.1651916205883026","0.1651916205883026","0.1651916205883026"
"568","61637","61637","61637","0.16337773203849792","0.16337773203849792","0.16337773203849792"
"569","61745","61745","61745","0.16351257264614105","0.16351257264614105","0.16351257264614105"
"570","61853","61853","61853","0.1604413390159607","0.1604413390159607","0.1604413390159607"
"571","61961","61961","61961","0.16456332802772522","0.16456332802772522","0.16456332802772522"
"572","62070","62070","62070","0.1639958769083023","0.1639958769083023","0.1639958769083023"
"573","62178","62178","62178","0.16194391250610352","0.16194391250610352","0.16194391250610352"
"574","62286","62286","62286","0.1619051992893219","0.1619051992893219","0.1619051992893219"
"575","62394","62394","62394","0.1659545600414276","0.1659545600414276","0.1659545600414276"
"576","62502","62502","62502","0.16378992795944214","0.16378992795944214","0.16378992795944214"
"577","62610","62610","62610","0.16471481323242188","0.16471481323242188","0.16471481323242188"
"578","62718","62718","62718","0.16250377893447876","0.16250377893447876","0.16250377893447876"
"579","62827","62827","62827","0.16186390817165375","0.16186390817165375","0.16186390817165375"
"580","62935","62935","62935","0.1570775806903839","0.1570775806903839","0.1570775806903839"
"581","63043","63043","63043","0.16588515043258667","0.16588515043258667","0.16588515043258667"
"582","63151","63151","63151","0.1606714427471161","0.1606714427471161","0.1606714427471161"
"583","63259","63259","63259","0.1617640107870102","0.1617640107870102","0.1617640107870102"
"584","63367","63367","63367","0.1642484813928604","0.1642484813928604","0.1642484813928604"
"585","63475","63475","63475","0.1649654358625412","0.1649654358625412","0.1649654358625412"
"586","63584","63584","63584","0.1653180718421936","0.1653180718421936","0.1653180718421936"
"587","63692","63692","63692","0.16431640088558197","0.16431640088558197","0.16431640088558197"
"588","63800","63800","63800","0.16065342724323273","0.16065342724323273","0.16065342724323273"
"589","63908","63908","63908","0.16251559555530548","0.16251559555530548","0.16251559555530548"
"590","64016","64016","64016","0.1627596765756607","0.1627596765756607","0.1627596765756607"
"591","64124","64124","64124","0.16405971348285675","0.16405971348285675","0.16405971348285675"
"592","64232","64232","64232","0.16528663039207458","0.16528663039207458","0.16528663039207458"
"593","64341","64341","64341","0.1629026085138321","0.1629026085138321","0.1629026085138321"
"594","64449","64449","64449","0.15699836611747742","0.15699836611747742","0.15699836611747742"
"595","64557","64557","64557","0.1596614569425583","0.1596614569425583","0.1596614569425583"
"596","64665","64665","64665","0.16363252699375153","0.16363252699375153","0.16363252699375153"
"597","64773","64773","64773","0.1609518676996231","0.1609518676996231","0.1609518676996231"
"598","64881","64881","64881","0.16193893551826477","0.16193893551826477","0.16193893551826477"
"599","64989","64989","64989","0.16394245624542236","0.16394245624542236","0.16394245624542236"
"600","65098","65098","65098","0.15886111557483673","0.15886111557483673","0.15886111557483673"